{
  "airplane": {
    "optimal_k": 10,
    "metrics": {
      "k_values": [
        10,
        11,
        12,
        13,
        14,
        15,
        16,
        17,
        18,
        19,
        20,
        21,
        22,
        23,
        24,
        25,
        26,
        27,
        28,
        29,
        30,
        31,
        32,
        33,
        34,
        35,
        36,
        37,
        38,
        39,
        40
      ],
      "inertias": [
        314.1217346191406,
        310.6773681640625,
        307.0120544433594,
        305.0188293457031,
        302.0738830566406,
        300.24151611328125,
        298.4372253417969,
        296.0295104980469,
        294.4422912597656,
        292.1534423828125,
        290.63983154296875,
        288.7762756347656,
        287.7549133300781,
        285.67303466796875,
        284.7499084472656,
        283.1083984375,
        282.1590576171875,
        280.8601989746094,
        279.62445068359375,
        278.1063232421875,
        277.4843444824219,
        275.7771301269531,
        275.32244873046875,
        274.0992431640625,
        273.4078674316406,
        272.3036193847656,
        271.44921875,
        270.41015625,
        269.5184020996094,
        269.0619201660156,
        267.434814453125
      ],
      "silhouette_scores": [
        0.04436870664358139,
        0.04365180805325508,
        0.04371649771928787,
        0.04152480512857437,
        0.04315510764718056,
        0.04027479141950607,
        0.040534377098083496,
        0.03937913477420807,
        0.04006965458393097,
        0.03971089422702789,
        0.03810622915625572,
        0.03982001170516014,
        0.03904302790760994,
        0.03887157887220383,
        0.03685719147324562,
        0.038626011461019516,
        0.03728936240077019,
        0.038551222532987595,
        0.03811883553862572,
        0.03853446617722511,
        0.03852998837828636,
        0.03815092146396637,
        0.03757389634847641,
        0.03578408062458038,
        0.03766215965151787,
        0.03794490173459053,
        0.03588761016726494,
        0.03782372176647186,
        0.03839230537414551,
        0.03707282617688179,
        0.03810538351535797
      ]
    }
  },
  "cat": {
    "optimal_k": 10,
    "metrics": {
      "k_values": [
        10,
        11,
        12,
        13,
        14,
        15,
        16,
        17,
        18,
        19,
        20,
        21,
        22,
        23,
        24,
        25,
        26,
        27,
        28,
        29,
        30,
        31,
        32,
        33,
        34,
        35,
        36,
        37,
        38,
        39,
        40
      ],
      "inertias": [
        316.008544921875,
        312.8028869628906,
        309.42388916015625,
        306.3528137207031,
        304.05487060546875,
        302.177490234375,
        300.0908203125,
        297.51409912109375,
        296.2135009765625,
        293.9482116699219,
        291.932861328125,
        290.3795166015625,
        289.09307861328125,
        288.056640625,
        285.52154541015625,
        285.033935546875,
        283.4408874511719,
        282.1503601074219,
        280.85443115234375,
        280.0005798339844,
        278.7812805175781,
        277.72930908203125,
        276.5279541015625,
        276.1807861328125,
        274.4778747558594,
        273.4497985839844,
        272.8486633300781,
        272.4939270019531,
        271.1554260253906,
        270.5548095703125,
        269.5007019042969
      ],
      "silhouette_scores": [
        0.044192835688591,
        0.042611025273799896,
        0.04269087314605713,
        0.04190973937511444,
        0.041649989783763885,
        0.04100370407104492,
        0.040540751069784164,
        0.0395083911716938,
        0.04015636816620827,
        0.039448026567697525,
        0.03910444676876068,
        0.03802637755870819,
        0.03883933648467064,
        0.03735576197504997,
        0.03872065618634224,
        0.03919258713722229,
        0.037757813930511475,
        0.03881432116031647,
        0.03890776261687279,
        0.03828644007444382,
        0.03737981244921684,
        0.03767586126923561,
        0.03796449676156044,
        0.03771499544382095,
        0.03751140832901001,
        0.037736039608716965,
        0.03728322312235832,
        0.036042872816324234,
        0.0372602753341198,
        0.036309864372015,
        0.03571884334087372
      ]
    }
  },
  "dog": {
    "optimal_k": 10,
    "metrics": {
      "k_values": [
        10,
        11,
        12,
        13,
        14,
        15,
        16,
        17,
        18,
        19,
        20,
        21,
        22,
        23,
        24,
        25,
        26,
        27,
        28,
        29,
        30,
        31,
        32,
        33,
        34,
        35,
        36,
        37,
        38,
        39,
        40
      ],
      "inertias": [
        321.7992248535156,
        318.4372253417969,
        315.45709228515625,
        312.1327209472656,
        309.466796875,
        306.7548828125,
        305.12249755859375,
        303.5628967285156,
        301.5887451171875,
        299.590087890625,
        298.1055908203125,
        296.59490966796875,
        294.7564392089844,
        293.2737121582031,
        292.2585144042969,
        290.50848388671875,
        289.2322998046875,
        287.53436279296875,
        286.7340087890625,
        285.51824951171875,
        283.8005676269531,
        283.075439453125,
        281.79437255859375,
        281.2112731933594,
        279.75567626953125,
        279.10101318359375,
        278.32330322265625,
        277.346435546875,
        276.5956726074219,
        276.0261535644531,
        274.55810546875
      ],
      "silhouette_scores": [
        0.04355413466691971,
        0.042529091238975525,
        0.04246675595641136,
        0.0432334803044796,
        0.04252898320555687,
        0.04247873276472092,
        0.040618896484375,
        0.03991750627756119,
        0.039972931146621704,
        0.03927627205848694,
        0.03813915699720383,
        0.038242630660533905,
        0.03824169188737869,
        0.038427144289016724,
        0.037347856909036636,
        0.039399653673172,
        0.03847541660070419,
        0.03827128931879997,
        0.03821541368961334,
        0.03693285584449768,
        0.03706299141049385,
        0.03644685074687004,
        0.03703539818525314,
        0.03628964349627495,
        0.037336356937885284,
        0.037133604288101196,
        0.03597060590982437,
        0.035944320261478424,
        0.03699995204806328,
        0.03603276610374451,
        0.03575434163212776
      ]
    }
  },
  "bird": {
    "optimal_k": 10,
    "metrics": {
      "k_values": [
        10,
        11,
        12,
        13,
        14,
        15,
        16,
        17,
        18,
        19,
        20,
        21,
        22,
        23,
        24,
        25,
        26,
        27,
        28,
        29,
        30,
        31,
        32,
        33,
        34,
        35,
        36,
        37,
        38,
        39,
        40
      ],