{
  "airplane": {
    "optimal_k": 5,
    "metrics": {
      "k_values": [
        5,
        6,
        7,
        8,
        9,
        10,
        11,
        12,
        13,
        14,
        15
      ],
      "inertias": [
        440.95892333984375,
        430.87115478515625,
        422.2641296386719,
        413.391845703125,
        407.9267578125,
        401.5654296875,
        396.6054382324219,
        392.0461730957031,
        386.9440612792969,
        384.46331787109375,
        381.146728515625
      ],
      "silhouette_scores": [
        0.06279674172401428,
        0.05811607465147972,
        0.05877342075109482,
        0.05711699277162552,
        0.05659011751413345,
        0.056078918278217316,
        0.05424567684531212,
        0.055993180721998215,
        0.05489090085029602,
        0.05408201739192009,
        0.051717884838581085
      ]
    }
  },
  "cat": {
    "optimal_k": 6,
    "metrics": {
      "k_values": [
        5,
        6,
        7,
        8,
        9,
        10,
        11,
        12,
        13,
        14,
        15
      ],
      "inertias": [
        423.82293701171875,
        413.6420593261719,
        404.13409423828125,
        398.5904541015625,
        391.71075439453125,
        385.7683410644531,
        381.4355163574219,
        377.87066650390625,
        374.4166259765625,
        369.3837585449219,
        367.35723876953125
      ],
      "silhouette_scores": [
        0.04759930446743965,
        0.058744028210639954,
        0.04371901601552963,
        0.04879271239042282,
        0.04607631638646126,
        0.04749341681599617,
        0.04270376265048981,
        0.03916154056787491,
        0.04011153057217598,
        0.0419730506837368,
        0.037943337112665176
      ]
    }
  },
  "dog": {
    "optimal_k": 6,
    "metrics": {
      "k_values": [
        5,
        6,
        7,
        8,
        9,
        10,
        11,
        12,
        13,
        14,
        15
      ],
      "inertias": [
        456.9201354980469,
        446.79937744140625,
        437.9993896484375,
        431.31329345703125,
        424.4670104980469,
        418.5948486328125,
        414.39886474609375,
        409.8140869140625,
        406.2728271484375,
        401.4239807128906,
        398.9345703125
      ],
      "silhouette_scores": [
        0.049368273466825485,
        0.051527105271816254,
        0.04227558150887489,
        0.04583274573087692,
        0.048082154244184494,
        0.04777267202734947,
        0.04431913420557976,
        0.04530290141701698,
        0.045283328741788864,
        0.04507877305150032,
        0.04335629940032959
      ]
    }
  }
}