{
  "airplane": {
    "optimal_k": 13,
    "metrics": {
      "k_values": [
        10,
        11,
        12,
        13,
        14,
        15,
        16,
        17,
        18,
        19,
        20,
        21,
        22,
        23,
        24,
        25,
        26,
        27,
        28,
        29,
        30,
        31,
        32,
        33,
        34,
        35,
        36,
        37,
        38,
        39,
        40
      ],
      "inertias": [
        16914.76171875,
        16706.52734375,
        16493.89453125,
        16285.333984375,
        16127.4951171875,
        15968.51953125,
        15813.966796875,
        15671.0126953125,
        15571.9287109375,
        15456.4404296875,
        15408.23046875,
        15269.9951171875,
        15169.4599609375,
        15085.2109375,
        15034.2314453125,
        14958.203125,
        14863.068359375,
        14810.669921875,
        14754.96875,
        14695.748046875,
        14631.541015625,
        14578.5625,
        14518.501953125,
        14461.751953125,
        14453.13671875,
        14378.0703125,
        14349.2294921875,
        14291.638671875,
        14257.6875,
        14199.0166015625,
        14181.0068359375
      ],
      "silhouette_scores": [
        0.06979194283485413,
        0.07028189301490784,
        0.06781497597694397,
        0.07074695080518723,
        0.07061415165662766,
        0.06802066415548325,
        0.0669739842414856,
        0.06741827726364136,
        0.06785587966442108,
        0.06476781517267227,
        0.05938582867383957,
        0.06598180532455444,
        0.06606155633926392,
        0.06364022195339203,
        0.0578710101544857,
        0.0583774670958519,
        0.05783919245004654,
        0.05473896488547325,
        0.055511634796857834,
        0.05486508086323738,
        0.05282636731863022,
        0.054023850709199905,
        0.054164014756679535,
        0.05354658141732216,
        0.05083258077502251,
        0.05131900683045387,
        0.05188892036676407,
        0.051160819828510284,
        0.0510408952832222,
        0.05051836743950844,
        0.049529559910297394
      ]
    }
  },
  "cat": {
    "optimal_k": 14,
    "metrics": {
      "k_values": [
        10,
        11,
        12,
        13,
        14,
        15,
        16,
        17,
        18,
        19,
        20,
        21,
        22,
        23,
        24,
        25,
        26,
        27,
        28,
        29,
        30,
        31,
        32,
        33,
        34,
        35,
        36,
        37,
        38,
        39,
        40
      ],
      "inertias": [
        17452.09375,
        17211.24609375,
        16998.6640625,
        16797.287109375,
        16628.61328125,
        16483.978515625,
        16338.78515625,
        16209.9990234375,
        16084.828125,
        15973.0634765625,
        15857.337890625,
        15791.3447265625,
        15678.271484375,
        15610.955078125,
        15539.2109375,
        15462.36328125,
        15396.3935546875,
        15314.3701171875,
        15257.0244140625,
        15204.0068359375,
        15152.451171875,
        15112.123046875,
        15042.185546875,
        14993.384765625,
        14949.912109375,
        14903.7724609375,
        14864.1015625,
        14817.64453125,
        14774.8125,
        14736.8095703125,
        14673.0400390625
      ],
      "silhouette_scores": [
        0.06720515340566635,
        0.06689473986625671,
        0.06667187809944153,
        0.06671066582202911,
        0.06778772920370102,
        0.06667298823595047,
        0.06541731208562851,
        0.06411834806203842,
        0.06560858339071274,
        0.06548025459051132,
        0.06450766324996948,
        0.060442712157964706,
        0.0604640394449234,
        0.05854719132184982,
        0.05845045670866966,
        0.058601319789886475,
        0.05583678558468819,
        0.05690833926200867,
        0.057167284190654755,
        0.05408644303679466,
        0.05424519628286362,
        0.05341930687427521,
        0.054672643542289734,
        0.053785137832164764,
        0.050255484879016876,
        0.05142232030630112,
        0.05150847136974335,
        0.04789304733276367,
        0.05054253712296486,
        0.04908863082528114,
        0.048645585775375366
      ]
    }
  },
  "dog": {
    "optimal_k": 12,
    "metrics": {
      "k_values": [
        10,
        11,
        12,
        13,
        14,
        15,
        16,
        17,
        18,
        19,
        20,
        21,
        22,
        23,
        24,
        25,
        26,
        27,
        28,
        29,
        30,
        31,
        32,
        33,
        34,
        35,
        36,
        37,
        38,
        39,
        40
      ],
      "inertias": [
        17159.0078125,
        16915.259765625,
        16674.728515625,
        16466.78515625,
        16303.1767578125,
        16147.0859375,
        16006.59765625,
        15879.6943359375,
        15754.947265625,
        15658.15625,
        15545.994140625,
        15445.099609375,
        15366.716796875,
        15294.0302734375,
        15219.0791015625,
        15133.080078125,
        15058.7421875,
        14985.962890625,
        14923.4951171875,
        14865.0654296875,
        14835.69921875,
        14759.375,
        14684.7490234375,
        14648.248046875,
        14589.5712890625,
        14530.1484375,
        14504.751953125,
        14455.001953125,
        14408.220703125,
        14368.5634765625,
        14331.27734375
      ],
      "silhouette_scores": [
        0.06828515976667404,
        0.06839808076620102,
        0.06959324330091476,
        0.06840629130601883,
        0.06801427155733109,
        0.06811124086380005,
        0.06888536363840103,
        0.06813458353281021,
        0.06721083074808121,
        0.0675685852766037,
        0.06716593354940414,
        0.0657966211438179,
        0.060914549976587296,
        0.06127023324370384,
        0.0589895136654377,
        0.05981559306383133,
        0.05792900547385216,
        0.05702230706810951,
        0.05667507275938988,
        0.056046534329652786,
        0.05416097491979599,
        0.05637665465474129,
        0.05376502871513367,
        0.052414800971746445,
        0.05335148423910141,
        0.05257458612322807,
        0.05028483271598816,
        0.052135907113552094,
        0.05023731663823128,
        0.04833390563726425,
        0.04914739355444908
      ]
    }
  }
}