{
  "airplane": {
    "optimal_k": 10,
    "metrics": {
      "k_values": [
        5,
        6,
        7,
        8,
        9,
        10,
        11,
        12,
        13,
        14,
        15
      ],
      "inertias": [
        18781.091796875,
        18342.6015625,
        17927.3046875,
        17568.509765625,
        17208.38671875,
        16914.76171875,
        16706.52734375,
        16493.896484375,
        16285.4140625,
        16127.49609375,
        15968.517578125
      ],
      "silhouette_scores": [
        0.055744946002960205,
        0.05949612334370613,
        0.06214144825935364,
        0.06413581222295761,
        0.06937919557094574,
        0.07102487981319427,
        0.06866762787103653,
        0.06750189512968063,
        0.06993505358695984,
        0.070977583527565,
        0.06657994538545609
      ]
    }
  },
  "cat": {
    "optimal_k": 14,
    "metrics": {
      "k_values": [
        5,
        6,
        7,
        8,
        9,
        10,
        11,
        12,
        13,
        14,
        15
      ],
      "inertias": [
        19368.58984375,
        18919.1953125,
        18472.95703125,
        18078.71875,
        17760.83984375,
        17452.09375,
        17211.23828125,
        16998.662109375,
        16797.283203125,
        16628.615234375,
        16483.978515625
      ],
      "silhouette_scores": [
        0.051100827753543854,
        0.05600268393754959,
        0.05895952135324478,
        0.06314593553543091,
        0.06610465049743652,
        0.06661441922187805,
        0.06697938591241837,
        0.06733353435993195,
        0.06783302873373032,
        0.06788226962089539,
        0.06590212881565094
      ]
    }
  },
  "dog": {
    "optimal_k": 11,
    "metrics": {
      "k_values": [
        5,
        6,
        7,
        8,
        9,
        10,
        11,
        12,
        13,
        14,
        15
      ],
      "inertias": [
        19029.71875,
        18578.869140625,
        18161.955078125,
        17776.169921875,
        17455.599609375,
        17159.0078125,
        16915.30859375,
        16674.73046875,
        16466.78515625,
        16303.17578125,
        16147.09375
      ],
      "silhouette_scores": [
        0.05266745015978813,
        0.05643093213438988,
        0.0601915642619133,
        0.06406285613775253,
        0.06681356579065323,
        0.06816453486680984,
        0.06995420902967453,
        0.0695728212594986,
        0.0688120573759079,
        0.06876250356435776,
        0.06760876625776291
      ]
    }
  }
}