{
  "airplane": {
    "optimal_k": 10,
    "metrics": {
      "k_values": [
        5,
        6,
        7,
        8,
        9,
        10,
        11,
        12,
        13,
        14,
        15
      ],
      "inertias": [
        18781.07421875,
        18339.830078125,
        17927.27734375,
        17535.8515625,
        17207.92578125,
        16914.76171875,
        16671.93359375,
        16474.50390625,
        16285.4130859375,
        16116.7626953125,
        15952.005859375
      ],
      "silhouette_scores": [
        0.0557611808180809,
        0.06072443723678589,
        0.062159448862075806,
        0.0651378482580185,
        0.06906139105558395,
        0.07102487981319427,
        0.0704139992594719,
        0.07003854960203171,
        0.06993505358695984,
        0.06648886948823929,
        0.06617336720228195
      ]
    }
  },
  "cat": {
    "optimal_k": 14,
    "metrics": {
      "k_values": [
        5,
        6,
        7,
        8,
        9,
        10,
        11,
        12,
        13,
        14,
        15
      ],
      "inertias": [
        19368.58984375,
        18899.755859375,
        18472.806640625,
        18078.703125,
        17753.40625,
        17452.080078125,
        17211.23046875,
        16998.248046875,
        16796.994140625,
        16628.61328125,
        16477.138671875
      ],
      "silhouette_scores": [
        0.051100827753543854,
        0.05544082075357437,
        0.05904022231698036,
        0.06315964460372925,
        0.06605494022369385,
        0.06662660837173462,
        0.06700892746448517,
        0.0673806220293045,
        0.06783068925142288,
        0.06788226962089539,
        0.06582926958799362
      ]
    }
  },
  "dog": {
    "optimal_k": 12,
    "metrics": {
      "k_values": [
        5,
        6,
        7,
        8,
        9,
        10,
        11,
        12,
        13,
        14,
        15
      ],
      "inertias": [
        19029.70703125,
        18578.869140625,
        18161.92578125,
        17776.166015625,
        17455.599609375,
        17158.984375,
        16902.671875,
        16674.728515625,
        16466.71875,
        16303.04296875,
        16146.876953125
      ],
      "silhouette_scores": [
        0.052707891911268234,
        0.056430939584970474,
        0.06023801863193512,
        0.06408032774925232,
        0.06681356579065323,
        0.06821977347135544,
        0.06953587383031845,
        0.069572813808918,
        0.06876616179943085,
        0.06856263428926468,
        0.06752646714448929
      ]
    }
  }
}